{
	"credit": "Made by jackasterisk & foxotic",
	"textures": {
		"2": "exclusives/jack",
		"5": "exclusives/ehat_jack"
	},
	"elements": [
		{
			"from": [6.5, 13.5, 1],
			"to": [9.5, 15.5, 4],
			"faces": {
				"north": {"uv": [3, 11, 6, 13], "texture": "#5"},
				"east": {"uv": [0, 11, 3, 13], "texture": "#5"},
				"south": {"uv": [0, 0, 0, 0], "texture": "#5"},
				"west": {"uv": [6, 11, 9, 13], "texture": "#5"},
				"up": {"uv": [6, 11, 3, 8], "texture": "#5"},
				"down": {"uv": [9, 8, 6, 11], "texture": "#5"}
			}
		},
		{
			"from": [7.00002, 15.34823, 2.05114],
			"to": [9.00002, 16.34823, 4.05114],
			"faces": {
				"north": {"uv": [2, 15, 4, 16], "texture": "#5"},
				"east": {"uv": [0, 15, 2, 16], "texture": "#5"},
				"south": {"uv": [0, 0, 0, 0], "texture": "#5"},
				"west": {"uv": [4, 15, 6, 16], "texture": "#5"},
				"up": {"uv": [4, 15, 2, 13], "texture": "#5"},
				"down": {"uv": [0, 0, 0, 0], "texture": "#5"}
			}
		},
		{
			"from": [7.25, 13, 1],
			"to": [8.75, 13.5, 2],
			"faces": {
				"north": {"uv": [8, 14, 9, 15], "texture": "#5"},
				"east": {"uv": [7, 14, 8, 15], "texture": "#5"},
				"south": {"uv": [10, 14, 11, 15], "texture": "#5"},
				"west": {"uv": [9, 14, 10, 15], "texture": "#5"},
				"up": {"uv": [0, 0, 0, 0], "texture": "#5"},
				"down": {"uv": [10, 13, 9, 14], "texture": "#5"}
			}
		},
		{
			"from": [6, 16.5, 3],
			"to": [7, 17.5, 4],
			"faces": {
				"north": {"uv": [13, 0, 14, 1], "texture": "#5"},
				"east": {"uv": [13, 0, 14, 1], "texture": "#5"},
				"south": {"uv": [13, 0, 14, 1], "texture": "#5"},
				"west": {"uv": [13, 0, 14, 1], "texture": "#5"},
				"up": {"uv": [13, 0, 14, 1], "texture": "#5"},
				"down": {"uv": [13, 0, 14, 1], "texture": "#5"}
			}
		},
		{
			"from": [9, 16.5, 3],
			"to": [10, 17.5, 4],
			"faces": {
				"north": {"uv": [13, 0, 14, 1], "texture": "#5"},
				"east": {"uv": [13, 0, 14, 1], "texture": "#5"},
				"south": {"uv": [13, 0, 14, 1], "texture": "#5"},
				"west": {"uv": [13, 0, 14, 1], "texture": "#5"},
				"up": {"uv": [13, 0, 14, 1], "texture": "#5"},
				"down": {"uv": [13, 0, 14, 1], "texture": "#5"}
			}
		},
		{
			"from": [3.5, 16.5, 3],
			"to": [6, 17.25, 4],
			"faces": {
				"north": {"uv": [16, 0, 13, 1], "texture": "#5"},
				"east": {"uv": [0, 0, 3, 1], "texture": "#5"},
				"south": {"uv": [13, 0, 16, 1], "texture": "#5"},
				"west": {"uv": [13, 0, 14, 1], "texture": "#5"},
				"up": {"uv": [13, 0, 16, 1], "texture": "#5"},
				"down": {"uv": [13, 0, 16, 1], "texture": "#5"}
			}
		},
		{
			"from": [10, 16.5, 3],
			"to": [12.5, 17.25, 4],
			"faces": {
				"north": {"uv": [13, 0, 16, 1], "texture": "#5"},
				"east": {"uv": [13, 0, 14, 1], "texture": "#5"},
				"south": {"uv": [16, 0, 13, 1], "texture": "#5"},
				"west": {"uv": [3, 0, 0, 1], "texture": "#5"},
				"up": {"uv": [16, 0, 13, 1], "texture": "#5"},
				"down": {"uv": [16, 0, 13, 1], "texture": "#5"}
			}
		},
		{
			"from": [10.1, 18.46, -3.74],
			"to": [10.1, 23.78, 2.06],
			"rotation": {"angle": -22.5, "axis": "y", "origin": [4.32857, 9.71429, 1]},
			"faces": {
				"north": {"uv": [0, 0, 0, 0], "texture": "#5"},
				"east": {"uv": [6, 0, 0, 6], "texture": "#5"},
				"south": {"uv": [0, 0, 0, 0], "texture": "#5"},
				"up": {"uv": [0, 0, 0, 0], "texture": "#5"},
				"down": {"uv": [0, 0, 0, 0], "texture": "#5"}
			}
		},
		{
			"from": [8.67557, 17.96, 0.07377],
			"to": [8.67557, 23.28, 5.87377],
			"faces": {
				"north": {"uv": [0, 0, 0, 0], "texture": "#5"},
				"east": {"uv": [6, 0, 0, 6], "texture": "#5"},
				"south": {"uv": [0, 0, 0, 0], "texture": "#5"},
				"up": {"uv": [0, 0, 0, 0], "texture": "#5"},
				"down": {"uv": [0, 0, 0, 0], "texture": "#5"}
			}
		},
		{
			"from": [8.00601, 16.96, 2.81525],
			"to": [13.80601, 22.28, 2.81525],
			"rotation": {"angle": 45, "axis": "y", "origin": [10.90601, 19.62, 2.81525]},
			"faces": {
				"east": {"uv": [0, 0, 0, 0], "texture": "#5"},
				"south": {"uv": [6, 0, 0, 6], "texture": "#5"},
				"west": {"uv": [0, 0, 0, 0], "texture": "#5"},
				"up": {"uv": [0, 0, 0, 0], "texture": "#5"},
				"down": {"uv": [0, 0, 0, 0], "texture": "#5"}
			}
		},
		{
			"name": "head",
			"from": [4, 13.5, 4],
			"to": [12, 21.5, 12],
			"faces": {
				"north": {"uv": [2, 2, 4, 4], "texture": "#2"},
				"east": {"uv": [0, 2, 2, 4], "texture": "#2"},
				"south": {"uv": [6, 2, 8, 4], "texture": "#2"},
				"west": {"uv": [4, 2, 6, 4], "texture": "#2"},
				"up": {"uv": [4, 2, 2, 0], "texture": "#2"},
				"down": {"uv": [6, 0, 4, 2], "texture": "#2"}
			}
		},
		{
			"from": [7, 18.5, 12],
			"to": [9, 19.5, 13],
			"faces": {
				"north": {"uv": [0, 0, 0, 0], "texture": "#5"},
				"east": {"uv": [9, 5, 10, 6], "texture": "#5"},
				"south": {"uv": [8, 5, 10, 6], "texture": "#5"},
				"west": {"uv": [8, 5, 9, 6], "texture": "#5"},
				"up": {"uv": [0, 0, 0, 0], "texture": "#5"},
				"down": {"uv": [9, 5, 11, 6], "texture": "#5"}
			}
		},
		{
			"from": [5.5, 20.5, 12],
			"to": [10.5, 21.5, 14.5],
			"faces": {
				"north": {"uv": [0, 0, 0, 0], "texture": "#5"},
				"east": {"uv": [3, 2, 4, 4], "rotation": 270, "texture": "#5"},
				"south": {"uv": [6, 2, 11, 3], "texture": "#5"},
				"west": {"uv": [2, 2, 3, 4], "rotation": 90, "texture": "#5"},
				"up": {"uv": [6, 2, 11, 4], "rotation": 180, "texture": "#5"},
				"down": {"uv": [6, 2, 11, 4], "texture": "#5"}
			}
		},
		{
			"from": [6, 19.5, 11.5],
			"to": [10, 20.5, 13.5],
			"faces": {
				"north": {"uv": [0, 0, 0, 0], "texture": "#5"},
				"east": {"uv": [3, 2, 4, 4], "rotation": 270, "texture": "#5"},
				"south": {"uv": [6, 4, 10, 5], "texture": "#5"},
				"west": {"uv": [1, 2, 2, 4], "rotation": 90, "texture": "#5"},
				"up": {"uv": [0, 0, 0, 0], "texture": "#5"},
				"down": {"uv": [6, 3, 10, 5], "texture": "#5"}
			}
		},
		{
			"from": [6, 13, 11.5],
			"to": [10, 14, 12.5],
			"faces": {
				"north": {"uv": [7, 5, 11, 6], "texture": "#5"},
				"east": {"uv": [10, 5, 11, 6], "texture": "#5"},
				"south": {"uv": [7, 5, 11, 6], "texture": "#5"},
				"west": {"uv": [7, 5, 8, 6], "texture": "#5"},
				"up": {"uv": [7, 5, 11, 6], "texture": "#5"},
				"down": {"uv": [7, 5, 11, 6], "texture": "#5"}
			}
		}
	],
	"display": {
		"thirdperson_righthand": {
			"rotation": [0, 133, 0],
			"translation": [-0.25, -4, 0.5],
			"scale": [0.7, 0.7, 0.2]
		},
		"thirdperson_lefthand": {
			"rotation": [0, 155, 0],
			"translation": [0, -3.75, 0],
			"scale": [0.7, 0.7, 0.2]
		},
		"firstperson_righthand": {
			"rotation": [0, 125, 0],
			"translation": [0, -5.25, 0.25],
			"scale": [0.81, 1, 0.09]
		},
		"firstperson_lefthand": {
			"rotation": [0, 108, 0],
			"translation": [1, -4.5, 0],
			"scale": [0.82, 1.08, 0.07]
		},
		"ground": {
			"scale": [1, 1, 0.09]
		},
		"gui": {
			"rotation": [0, 139, 0],
			"translation": [0, -12.25, 0],
			"scale": [1.65477, 1.24219, 0]
		},
		"head": {
			"translation": [0, -15.5, 0],
			"scale": [1.65, 1.65, 1.65]
		},
		"fixed": {
			"translation": [-0.25, -15.5, -0.5],
			"scale": [1.62305, 1.62305, 0.11]
		}
	},
	"groups": [
		{
			"name": "jack",
			"children": [
				{
					"name": "group",
					"children": [
						{
							"name": "head",
							"children": [
								{
									"name": "beak3",
									"origin": [8, 8, 5],
									"children": [0, 1, 2]
								},
								{
									"name": "eyebrows",
									"children": [3, 4, 5, 6]
								},
								{
									"name": "the_tuft_1",
									"children": [7, 8, 9]
								},
								{
									"name": "alex",
									"children": [10]
								},
								{
									"name": "back_tuft_thing_whatever_idk",
									"children": [11, 12, 13, 14]
								}
							]
						}
					]
				}
			]
		}
	]
}