{
	"credit": "Made by Foxotic",
	"textures": {
		"1": "test/ehat_foxotic",
		"2": "test/Foxotic",
		"particle": "test/ehat_foxotic"
	},
	"elements": [
		{
			"from": [7, 10, 1.75],
			"to": [9.25, 12, 4],
			"shade": false,
			"faces": {
				"north": {"uv": [7.33333, 5.33333, 8, 6], "texture": "#1"},
				"east": {"uv": [6.66667, 5.33333, 7.33333, 6], "texture": "#1"},
				"west": {"uv": [8, 5.33333, 8.66667, 6], "texture": "#1"},
				"down": {"uv": [8.66667, 4.66667, 8, 5.33333], "texture": "#1"}
			}
		},
		{
			"from": [6.25, 10.5, 2.5],
			"to": [10, 11.5, 4],
			"shade": false,
			"faces": {
				"north": {"uv": [7, 4.33333, 8, 4.66667], "texture": "#1"},
				"east": {"uv": [6.66667, 4.33333, 7, 4.66667], "texture": "#1"},
				"west": {"uv": [8, 4.33333, 8.33333, 4.66667], "texture": "#1"},
				"down": {"uv": [9, 4, 8, 4.33333], "texture": "#1"}
			}
		},
		{
			"from": [6.75, 10.5, 0.75],
			"to": [9.5, 12, 4],
			"shade": false,
			"faces": {
				"north": {"uv": [1, 3.33333, 1.66667, 3.66667], "texture": "#1"},
				"east": {"uv": [0, 3.33333, 1, 3.66667], "texture": "#1"},
				"west": {"uv": [1.66667, 3.33333, 2.66667, 3.66667], "texture": "#1"},
				"up": {"uv": [1.66667, 3.33333, 1, 2.33333], "texture": "#1"},
				"down": {"uv": [2.33333, 2.33333, 1.66667, 3.33333], "texture": "#1"}
			}
		},
		{
			"from": [4.25, 11.5, 1.24],
			"to": [11.75, 14.5, 4.24],
			"faces": {
				"north": {"uv": [1, 6.33333, 3.33333, 7.33333], "texture": "#1"},
				"east": {"uv": [0, 6.33333, 1, 7.33333], "texture": "#1"},
				"west": {"uv": [3.33333, 6.33333, 4.33333, 7.33333], "texture": "#1"},
				"up": {"uv": [3.33333, 6.33333, 1, 5.33333], "texture": "#1"},
				"down": {"uv": [5.66667, 5.33333, 3.33333, 6.33333], "texture": "#1"}
			}
		},
		{
			"from": [3.5, 11.75, 1.25],
			"to": [12.5, 14.25, 4],
			"faces": {
				"north": {"uv": [0.66667, 4.66667, 3.66667, 5.33333], "texture": "#1"},
				"east": {"uv": [0, 4.66667, 0.66667, 5.33333], "texture": "#1"},
				"south": {"uv": [4.33333, 4.66667, 7.33333, 5.33333], "texture": "#1"},
				"west": {"uv": [3.66667, 4.66667, 4.33333, 5.33333], "texture": "#1"},
				"up": {"uv": [3.66667, 4.66667, 0.66667, 4], "texture": "#1"},
				"down": {"uv": [6.66667, 4, 3.66667, 4.66667], "texture": "#1"}
			}
		},
		{
			"from": [3.25, 12.25, 2],
			"to": [12.75, 13.75, 12.5],
			"faces": {
				"north": {"uv": [3.33333, 3.66667, 6.33333, 4], "texture": "#1"},
				"east": {"uv": [0, 3.66667, 3.33333, 4], "texture": "#1"},
				"south": {"uv": [9.66667, 3.66667, 12.66667, 4], "texture": "#1"},
				"west": {"uv": [6.33333, 3.66667, 9.66667, 4], "texture": "#1"},
				"up": {"uv": [6.33333, 3.66667, 3.33333, 0.33333], "texture": "#1"},
				"down": {"uv": [9.33333, 0.33333, 6.33333, 3.66667], "texture": "#1"}
			}
		},
		{
			"from": [9, 14.5, 3.25],
			"to": [11, 15, 4.5],
			"faces": {
				"north": {"uv": [2.33333, 7.66667, 3, 7.66667], "texture": "#1"},
				"east": {"uv": [2, 7.66667, 2.33333, 7.66667], "texture": "#1"},
				"west": {"uv": [3, 7.66667, 3.33333, 7.66667], "texture": "#1"},
				"up": {"uv": [3, 7.66667, 2.33333, 7.33333], "texture": "#1"}
			}
		},
		{
			"from": [5, 14.5, 3.25],
			"to": [7, 15, 4.5],
			"faces": {
				"north": {"uv": [0.33333, 7.66667, 1, 7.66667], "texture": "#1"},
				"east": {"uv": [0, 7.66667, 0.33333, 7.66667], "texture": "#1"},
				"west": {"uv": [1, 7.66667, 1.33333, 7.66667], "texture": "#1"},
				"up": {"uv": [1, 7.66667, 0.33333, 7.33333], "texture": "#1"}
			}
		},
		{
			"from": [4.25, 16, 6],
			"to": [7, 19.5, 9.75],
			"faces": {
				"north": {"uv": [6.66667, 7.33333, 7.33333, 8.33333], "texture": "#1", "cullface": "up"},
				"east": {"uv": [5.66667, 7.33333, 6.66667, 8.33333], "texture": "#1", "cullface": "up"},
				"south": {"uv": [8.33333, 7.33333, 9, 8.33333], "texture": "#1", "cullface": "up"},
				"west": {"uv": [7.33333, 7.33333, 8.33333, 8.33333], "texture": "#1", "cullface": "up"},
				"up": {"uv": [7.33333, 7.33333, 6.66667, 6.33333], "texture": "#1", "cullface": "up"}
			}
		},
		{
			"from": [9, 16, 6],
			"to": [11.75, 19.5, 9.75],
			"faces": {
				"north": {"uv": [1, 1.33333, 1.66667, 2.33333], "texture": "#1", "cullface": "up"},
				"east": {"uv": [0, 1.33333, 1, 2.33333], "texture": "#1", "cullface": "up"},
				"south": {"uv": [2.66667, 1.33333, 3.33333, 2.33333], "texture": "#1", "cullface": "up"},
				"west": {"uv": [1.66667, 1.33333, 2.66667, 2.33333], "texture": "#1", "cullface": "up"},
				"up": {"uv": [1.66667, 1.33333, 1, 0.33333], "texture": "#1", "cullface": "up"}
			}
		},
		{
			"name": "head",
			"from": [4, 8.5, 4],
			"to": [12, 16.5, 12],
			"faces": {
				"north": {"uv": [2, 2, 4, 4], "texture": "#2"},
				"east": {"uv": [0, 2, 2, 4], "texture": "#2"},
				"south": {"uv": [6, 2, 8, 4], "texture": "#2"},
				"west": {"uv": [4, 2, 6, 4], "texture": "#2"},
				"up": {"uv": [4, 2, 2, 0], "texture": "#2", "cullface": "up"},
				"down": {"uv": [6, 0, 4, 2], "texture": "#2"}
			}
		}
	],
	"display": {
		"thirdperson_righthand": {
			"rotation": [0, 145, 0],
			"scale": [0.5, 0.5, 0.1]
		},
		"thirdperson_lefthand": {
			"rotation": [0, 145, 0],
			"scale": [0.5, 0.5, 0.1]
		},
		"firstperson_righthand": {
			"rotation": [0, 130, 0],
			"scale": [0.7, 0.7, 0.1]
		},
		"firstperson_lefthand": {
			"rotation": [0, 130, 0],
			"scale": [0.7, 0.7, 0.1]
		},
		"ground": {
			"scale": [0.8, 0.8, 0.1]
		},
		"gui": {
			"rotation": [15, 158, 0],
			"translation": [0, -5.25, 0]
		},
		"head": {
			"translation": [0, -7.25, 0],
			"scale": [1.61, 1.61, 1.61]
		},
		"fixed": {
			"translation": [0, -8.5, 0],
			"scale": [1.5, 1.5, 0.1]
		}
	},
	"groups": [
		{
			"name": "Flurry",
			"children": [
				{
					"name": "exclusive_hat_foxotic",
					"children": [
						{
							"name": "Snout",
							"children": [0, 1, 2]
						},
						{
							"name": "VR",
							"children": [3, 4, 5]
						},
						{
							"name": "Eyebrows",
							"children": [6, 7]
						},
						{
							"name": "Ears",
							"children": [8, 9]
						},
						{
							"name": "Head",
							"children": [10]
						}
					]
				}
			]
		}
	]
}